{"book_url": "https://www.amazon.cn/dp/B073LJR2JF", "img": "https://images-cn.ssl-images-amazon.com/images/I/51haNiOsa-L._AA218_.jpg", "name": "罗生门", "autother": "  ", "time": "2017-08", "info": "    平装      ￥28.58     自营      贵宾    免运费      部分地区 明天 即可送达，  查看准确送达时间。     更多购买选择     ￥23.10   非全新品和全新   (9 卖家)            Kindle电子书      ￥6.99     自营   ", "star": "          平均 4 星        126  "}
{"book_url": "https://www.amazon.cn/dp/B071GB8TYZ", "img": "https://images-cn.ssl-images-amazon.com/images/I/51Sjwls3oLL._AA218_.jpg", "name": "红星照耀中国", "autother": "  ", "time": "2016-06", "info": "    平装      ￥37.40     自营      贵宾    免运费      部分地区 明天 即可送达，  查看准确送达时间。     更多购买选择     ￥28.00   非全新品和全新   (24 卖家)            Kindle电子书      ￥12.00     自营   ", "star": "          平均 4.3 星        35  "}
{"book_url": "https://www.amazon.cn/dp/B07D591SYY", "img": "https://images-cn.ssl-images-amazon.com/images/I/517XkR-S56L._AA218_.jpg", "name": "你坏(随机发送签名版)", "autother": "  ", "time": "2018-07", "info": "    平装      ￥29.70     自营      贵宾    免运费      部分地区 明天 即可送达，  查看准确送达时间。     更多购买选择     ￥27.72   非全新品和全新   (20 卖家)         ", "star": "          平均 3.9 星        9  "}
{"book_url": "https://www.amazon.cn/dp/B074BNFY1H", "img": "https://images-cn.ssl-images-amazon.com/images/I/51kKGTD9xCL._AA218_.jpg", "name": "局外人(诺贝尔文学奖60周年纪念版)", "autother": "  ", "time": "2017-08", "info": "    平装      ￥29.55     自营      贵宾    免运费      部分地区 明天 即可送达，  查看准确送达时间。     更多购买选择     ￥28.07   非全新品和全新   (9 卖家)            Kindle电子书      ￥19.50     自营   ", "star": "          平均 4.4 星        87  "}
{"book_url": "https://www.amazon.cn/dp/B07DXD8LSR", "img": "https://images-cn.ssl-images-amazon.com/images/I/51wpDpkRQRL._AA218_.jpg", "name": "云边有个小卖部", "autother": "  ", "time": "2018-07", "info": "    平装      ￥28.20     自营      贵宾    免运费      部分地区 明天 即可送达，  查看准确送达时间。   ", "star": "          平均 5 星        3  "}
{"book_url": "https://www.amazon.cn/dp/B07B5Y6PX1", "img": "https://images-cn.ssl-images-amazon.com/images/I/51BSHJViw6L._AA218_.jpg", "name": "如父如子", "autother": "  ", "time": "2018-03", "info": "    精装      ￥35.12     自营      贵宾    免运费      部分地区 明天 即可送达，  查看准确送达时间。     更多购买选择     ￥31.10   非全新品和全新   (18 卖家)            Kindle电子书      ￥19.99     自营   ", "star": "          平均 4.8 星        32  "}
{"book_url": "https://www.amazon.cn/dp/B07B62TYH1", "img": "https://images-cn.ssl-images-amazon.com/images/I/41FKz6KUqQL._AA218_.jpg", "name": "诗经(风雅颂三卷)(全注释全彩插图)(套装共3册)", "autother": "  ", "time": "2018-03", "info": "    平装      ￥98.30     自营      贵宾    免运费      部分地区 明天 即可送达，  查看准确送达时间。     更多购买选择     ￥87.80   非全新品和全新   (12 卖家)            Kindle电子书      ￥9.99     自营   ", "star": "          平均 4.2 星        27  "}
{"book_url": "https://www.amazon.cn/dp/B014GMAM0A", "img": "https://images-cn.ssl-images-amazon.com/images/I/51k1DIUAzJL._AA218_.jpg", "name": "银河帝国:机器人五部曲(套装共5册)(\"银河帝国\"百万册纪念版）", "autother": "  ", "time": "2015-10", "info": "    平装      ￥115.54       Kindle电子书      ￥39.99     自营   ", "star": "          平均 4.7 星        145  "}
{"book_url": "https://www.amazon.cn/dp/B076M6H62K", "img": "https://images-cn.ssl-images-amazon.com/images/I/51OkeEfVx-L._AA218_.jpg", "name": "烟火人间(老舍经典作品精选集纪念珍藏版)", "autother": "  ", "time": "2017-11", "info": "    平装      ￥28.73     自营      贵宾    免运费      部分地区 明天 即可送达，  查看准确送达时间。     更多购买选择     ￥20.80   非全新品和全新   (12 卖家)            Kindle电子书      ￥12.99     自营   ", "star": "          平均 4.6 星        36  "}
{"book_url": "https://www.amazon.cn/dp/B07BF25DNQ", "img": "https://images-cn.ssl-images-amazon.com/images/I/61mV8A+pfJL._AA218_.jpg", "name": "高兴死了!!!", "autother": "  ", "time": "2018-04", "info": "    平装      ￥26.70       Kindle电子书      ￥14.99     自营   ", "star": "          平均 4.5 星        264  "}
{"book_url": "https://www.amazon.cn/dp/B014GMALNS", "img": "https://images-cn.ssl-images-amazon.com/images/I/51Pt6Og6HcL._AA218_.jpg", "name": "银河帝国:帝国三部曲(套装共3册)(\"银河帝国\"百万册纪念版）", "autother": "  ", "time": "2015-10", "info": "    满减      平装      ￥81.90     自营      贵宾    免运费      部分地区 明天 即可送达，  查看准确送达时间。     更多购买选择     ￥80.40   非全新品和全新   (12 卖家)            Kindle电子书      ￥24.99     自营   ", "star": "          平均 4.6 星        86  "}
{"book_url": "https://www.amazon.cn/dp/B072131F17", "img": "https://images-cn.ssl-images-amazon.com/images/I/51nEEfPDGpL._AA218_.jpg", "name": "红星照耀中国(青少版)", "autother": "  ", "time": "2017-06", "info": "    平装      ￥31.40     自营      贵宾    免运费      部分地区 明天 即可送达，  查看准确送达时间。     更多购买选择     ￥22.80   非全新品和全新   (27 卖家)         ", "star": "          平均 4.6 星        24  "}
{"book_url": "https://www.amazon.cn/dp/B078Y21FXN", "img": "https://images-cn.ssl-images-amazon.com/images/I/51xznX9jwQL._AA218_.jpg", "name": "知更鸟", "autother": "  ", "time": "2018-02", "info": "    平装      ￥29.60     自营      贵宾    免运费      部分地区 明天 即可送达，  查看准确送达时间。      Kindle电子书      ￥12.99     自营   ", "star": "          平均 4.5 星        28  "}
{"book_url": "https://www.amazon.cn/dp/B073LBRNV2", "img": "https://images-cn.ssl-images-amazon.com/images/I/41i8bR4NKKL._AA218_.jpg", "name": "慢煮生活", "autother": "  ", "time": "2017-08", "info": "    精装      ￥35.20     自营      贵宾    免运费      部分地区 明天 即可送达，  查看准确送达时间。     更多购买选择     ￥30.35   非全新品和全新   (13 卖家)            Kindle电子书      ￥12.99     自营   ", "star": "          平均 4.7 星        79  "}
{"book_url": "https://www.amazon.cn/dp/B07BLGHKT9", "img": "https://images-cn.ssl-images-amazon.com/images/I/51tORmj5XyL._AA218_.jpg", "name": "无处停歇", "autother": "  ", "time": "2018-04", "info": "    满减      精装      ￥31.73     自营      贵宾    免运费      部分地区 明天 即可送达，  查看准确送达时间。     更多购买选择     ￥29.00   非全新品和全新   (20 卖家)            Kindle电子书      ￥11.99     自营   ", "star": "          平均 5 星        27  "}
{"book_url": "https://www.amazon.cn/dp/B009FWYL04", "img": "https://images-cn.ssl-images-amazon.com/images/I/41pi7pBzTcL._AA218_.jpg", "name": "我们仨", "autother": "  ", "time": "2012-09", "info": "    平装      ￥21.20     自营      贵宾    免运费      部分地区 明天 即可送达，  查看准确送达时间。     更多购买选择     ￥14.95   非全新品和全新   (9 卖家)            Kindle电子书      ￥9.99     自营    其他格式:    精装    ", "star": "          平均 4.5 星        3,429  "}
