{"dai_ma": "601838", "name": "成都银行", "new_frice": "8.86", "fudong_price": "0.81", "fu_du": "10.06%", "chen_jiao_liang": "32.1857万", "chen_jiao_price": "2.75315216亿", "zhen_fu": "11.55%", "max_frice": "8.86", "min_price": "7.93", "start_price": "8.01", "yesterday_price": "8.05", "liang_bi": "2.93", "huan_shou_lv": "8.91%", "dong_tai": "7.76%"}
{"dai_ma": "603106", "name": "恒银金融", "new_frice": "19.56", "fudong_price": "1.78", "fu_du": "10.01%", "chen_jiao_liang": "5.1224万", "chen_jiao_price": "0.96786649亿", "zhen_fu": "10.46%", "max_frice": "19.56", "min_price": "17.70", "start_price": "17.78", "yesterday_price": "17.78", "liang_bi": "1.56", "huan_shou_lv": "6.65%", "dong_tai": "47.35%"}
{"dai_ma": "600705", "name": "中航资本", "new_frice": "4.86", "fudong_price": "0.44", "fu_du": "9.95%", "chen_jiao_liang": "89.9999万", "chen_jiao_price": "4.2795864亿", "zhen_fu": "10.18%", "max_frice": "4.86", "min_price": "4.41", "start_price": "4.45", "yesterday_price": "4.42", "liang_bi": "5.74", "huan_shou_lv": "1.18%", "dong_tai": "13.76%"}
{"dai_ma": "600816", "name": "安信信托", "new_frice": "7.08", "fudong_price": "0.64", "fu_du": "9.94%", "chen_jiao_liang": "50.5983万", "chen_jiao_price": "3.41535936亿", "zhen_fu": "11.80%", "max_frice": "7.08", "min_price": "6.32", "start_price": "6.45", "yesterday_price": "6.44", "liang_bi": "2.88", "huan_shou_lv": "1.08%", "dong_tai": "9.17%"}
{"dai_ma": "600917", "name": "重庆燃气", "new_frice": "7.52", "fudong_price": "0.68", "fu_du": "9.94%", "chen_jiao_liang": "17.1541万", "chen_jiao_price": "1.28220924亿", "zhen_fu": "3.22%", "max_frice": "7.52", "min_price": "7.30", "start_price": "7.30", "yesterday_price": "6.84", "liang_bi": "11.87", "huan_shou_lv": "1.10%", "dong_tai": "27.30%"}
{"dai_ma": "601336", "name": "新华保险", "new_frice": "49.67", "fudong_price": "4.23", "fu_du": "9.31%", "chen_jiao_liang": "42.0008万", "chen_jiao_price": "20.06763296亿", "zhen_fu": "10.37%", "max_frice": "49.88", "min_price": "45.17", "start_price": "45.30", "yesterday_price": "45.44", "liang_bi": "3.37", "huan_shou_lv": "2.01%", "dong_tai": "14.85%"}
{"dai_ma": "601021", "name": "春秋航空", "new_frice": "35.50", "fudong_price": "2.69", "fu_du": "8.20%", "chen_jiao_liang": "3.8531万", "chen_jiao_price": "1.31443089亿", "zhen_fu": "9.60%", "max_frice": "35.66", "min_price": "32.51", "start_price": "32.97", "yesterday_price": "32.81", "liang_bi": "2.37", "huan_shou_lv": "0.48%", "dong_tai": "21.11%"}
{"dai_ma": "601003", "name": "柳钢股份", "new_frice": "8.94", "fudong_price": "0.63", "fu_du": "7.58%", "chen_jiao_liang": "49.4064万", "chen_jiao_price": "4.17936752亿", "zhen_fu": "9.87%", "max_frice": "9.00", "min_price": "8.18", "start_price": "8.25", "yesterday_price": "8.31", "liang_bi": "1.30", "huan_shou_lv": "1.93%", "dong_tai": "5.48%"}
{"dai_ma": "601128", "name": "常熟银行", "new_frice": "5.94", "fudong_price": "0.39", "fu_du": "7.03%", "chen_jiao_liang": "39.7488万", "chen_jiao_price": "2.31769687亿", "zhen_fu": "10.63%", "max_frice": "6.08", "min_price": "5.49", "start_price": "5.53", "yesterday_price": "5.55", "liang_bi": "4.61", "huan_shou_lv": "3.99%", "dong_tai": "8.94%"}
{"dai_ma": "600036", "name": "招商银行", "new_frice": "27.38", "fudong_price": "1.76", "fu_du": "6.87%", "chen_jiao_liang": "101.0892万", "chen_jiao_price": "27.04374608亿", "zhen_fu": "8.00%", "max_frice": "27.45", "min_price": "25.40", "start_price": "25.62", "yesterday_price": "25.62", "liang_bi": "3.11", "huan_shou_lv": "0.49%", "dong_tai": "7.61%"}
{"dai_ma": "601939", "name": "建设银行", "new_frice": "6.78", "fudong_price": "0.43", "fu_du": "6.77%", "chen_jiao_liang": "256.4125万", "chen_jiao_price": "17.04420816亿", "zhen_fu": "8.50%", "max_frice": "6.85", "min_price": "6.31", "start_price": "6.34", "yesterday_price": "6.35", "liang_bi": "2.47", "huan_shou_lv": "2.67%", "dong_tai": "5.74%"}
{"dai_ma": "600756", "name": "浪潮软件", "new_frice": "18.80", "fudong_price": "1.19", "fu_du": "6.76%", "chen_jiao_liang": "37.4444万", "chen_jiao_price": "6.98656128亿", "zhen_fu": "10.51%", "max_frice": "19.35", "min_price": "17.50", "start_price": "17.58", "yesterday_price": "17.61", "liang_bi": "2.06", "huan_shou_lv": "11.55%", "dong_tai": "75.86%"}
{"dai_ma": "600023", "name": "浙能电力", "new_frice": "5.22", "fudong_price": "0.30", "fu_du": "6.10%", "chen_jiao_liang": "35.2157万", "chen_jiao_price": "1.81377123亿", "zhen_fu": "7.72%", "max_frice": "5.27", "min_price": "4.89", "start_price": "4.92", "yesterday_price": "4.92", "liang_bi": "3.54", "huan_shou_lv": "0.26%", "dong_tai": "30.98%"}
{"dai_ma": "601688", "name": "华泰证券", "new_frice": "15.44", "fudong_price": "0.87", "fu_du": "5.97%", "chen_jiao_liang": "80.6145万", "chen_jiao_price": "12.22992272亿", "zhen_fu": "6.79%", "max_frice": "15.52", "min_price": "14.53", "start_price": "14.53", "yesterday_price": "14.57", "liang_bi": "3.32", "huan_shou_lv": "1.48%", "dong_tai": "14.53%"}
{"dai_ma": "601991", "name": "大唐发电", "new_frice": "3.25", "fudong_price": "0.18", "fu_du": "5.86%", "chen_jiao_liang": "51.4576万", "chen_jiao_price": "1.66938935亿", "zhen_fu": "10.42%", "max_frice": "3.36", "min_price": "3.04", "start_price": "3.07", "yesterday_price": "3.07", "liang_bi": "4.72", "huan_shou_lv": "0.51%", "dong_tai": "27.77%"}
{"dai_ma": "601398", "name": "工商银行", "new_frice": "5.47", "fudong_price": "0.30", "fu_du": "5.80%", "chen_jiao_liang": "358.5294万", "chen_jiao_price": "19.22223456亿", "zhen_fu": "7.35%", "max_frice": "5.51", "min_price": "5.13", "start_price": "5.16", "yesterday_price": "5.17", "liang_bi": "2.86", "huan_shou_lv": "0.13%", "dong_tai": "6.18%"}
{"dai_ma": "600291", "name": "西水股份", "new_frice": "13.58", "fudong_price": "0.72", "fu_du": "5.60%", "chen_jiao_liang": "24.7296万", "chen_jiao_price": "3.30674272亿", "zhen_fu": "11.43%", "max_frice": "13.99", "min_price": "12.52", "start_price": "12.86", "yesterday_price": "12.86", "liang_bi": "3.29", "huan_shou_lv": "2.53%", "dong_tai": "17.38%"}
{"dai_ma": "600273", "name": "嘉化能源", "new_frice": "9.46", "fudong_price": "0.49", "fu_du": "5.46%", "chen_jiao_liang": "30.964万", "chen_jiao_price": "2.88405952亿", "zhen_fu": "6.24%", "max_frice": "9.49", "min_price": "8.93", "start_price": "9.00", "yesterday_price": "8.97", "liang_bi": "3.82", "huan_shou_lv": "2.11%", "dong_tai": "11.93%"}
{"dai_ma": "603111", "name": "康尼机电", "new_frice": "6.92", "fudong_price": "0.35", "fu_du": "5.33%", "chen_jiao_liang": "22.9874万", "chen_jiao_price": "1.59079619亿", "zhen_fu": "8.07%", "max_frice": "7.13", "min_price": "6.60", "start_price": "6.63", "yesterday_price": "6.57", "liang_bi": "2.11", "huan_shou_lv": "3.11%", "dong_tai": "17.30%"}
{"dai_ma": "601009", "name": "南京银行", "new_frice": "7.98", "fudong_price": "0.40", "fu_du": "5.28%", "chen_jiao_liang": "71.8762万", "chen_jiao_price": "5.6407552亿", "zhen_fu": "6.60%", "max_frice": "8.00", "min_price": "7.50", "start_price": "7.59", "yesterday_price": "7.58", "liang_bi": "4.21", "huan_shou_lv": "0.85%", "dong_tai": "5.86%"}
